,n_equil,r_s,tau,eavg,err
0,100,4,0.2,-0.09078864161954989,4.504506572468107e-05
