,tau,eavg,err
0,0.0025,-2.854420032522011,0.001149493449373969
1,0.005,-2.854787377250712,0.00047188029859996234
2,0.01,-2.8547406220132134,0.00038882773430010413
