,tau,eavg,err
0,0.0025,-2.9143638104593053,0.006550493186057308
