,n_equil,r_s,tau,eavg,err
0,100,4,0.2,-0.4679421879174966,0.0001439864826663832
