,tau,eavg,err
0,0.0025,-3.764191987425432,0.004309874971122579
