,tau,eavg,err,low,high
0,0.0025,-2.902262489,0.002506776,-2.904769264,-2.899755713
