,tau,eavg,err
0,0.0025,-2.9026113774937,0.0019986225574136433
1,0.005,-2.8973289446612625,0.000874636823004651
2,0.01,-2.891570597891802,0.0005922651236120954
