,tau,eavg,err
0,0.0025,-3.7932193145717163,0.0076267579871528565
