,tau,eavg,err
0,0.0025,-3.758593739784458,0.0007664438459163471
