,tau,eavg,err
0,0.0025,-3.758492113282274,0.002401239214382954
