,n_equil,r_s,tau,ke,ke_err,eavg,err
0,400,4,0.05,0.00010653540123905063,3.073045424156445e-05,-0.35125877330269833,0.0002799087299879684
1,200,4,0.1,0.00010604599696121831,3.426248584910638e-05,-0.351328298103441,0.0002836769199923161
2,100,4,0.2,9.207658002662515e-05,3.4059786157651036e-05,-0.35122654236947554,0.00029333068423832264
3,50,4,0.4,0.0001277878835850004,2.836862122871416e-05,-0.3514742096016022,0.00028009704873837503
