,n_equil,r_s,tau,eavg,err
0,400,4,0.05,-0.0032457322146136392,3.160160478799575e-05
1,200,4,0.1,-0.003248526053071709,3.607064176051006e-05
2,100,4,0.2,-0.003270454833978763,3.651139341445005e-05
3,50,4,0.4,-0.0032475536755811893,3.538710137729692e-05
