,n_equil,r_s,tau,eavg,err
0,800,2,0.025,-0.7145929188358666,0.0004581402315583172
1,400,2,0.05,-0.7138963683299826,0.00039831250431921476
2,200,2,0.1,-0.7121204571787607,0.00038535970897667977
